{
	"pattrstorage" : 	{
		"name" : "BAT",
		"slots" : 		{
			"1" : 			{
				"id" : 1,
				"data" : 				{
					"settings::BATmodulelist" : [ "BATcave", "BATshuffle", "BATwheel" ],
					"settings::BATcave_window_pos" : [ 58, 81 ],
					"settings::BATshuffle::grainshapeslider" : [ 0 ],
					"settings::BATshuffle::graindensityLO" : [ 30 ],
					"settings::BATshuffle::graindensityHI" : [ 100 ],
					"settings::BATshuffle::graindurationLO" : [ 100 ],
					"settings::BATshuffle::graindurationHI" : [ 150 ],
					"settings::BATshuffle::window_pos" : [ 503, 246 ],
					"settings::BATshuffle::functionmenu" : [ "hamming", "hanning", "blackman", "kaiser", "triangle", "user1", "user2" ],
					"settings::BATshuffle::windowmenupresets" : [ 5 ],
					"settings::BATshuffle::panningLO" : [ 41 ],
					"settings::BATshuffle::panningHI" : [ 61 ],
					"settings::BATshuffle::numvoices" : [ 16 ],
					"settings::BATshuffle::shuffonoff" : [ 1 ],
					"settings::BATshuffle::stretchonoff" : [ 0 ],
					"settings::BATshuffle::stretchfactor" : [ 1.0 ],
					"settings::BATshuffle::filenamepath" : [ "ALMacBookPro:/Users/andy/Dropbox/Teaching/Acousmatic Composition/OLD/Acousmatic Composition 2017-18/Spring 5 - Space/Space talk/Audio examples/2_Gabrieli.aif" ],
					"settings::BATshuffle::rangeLO" : [ 27998 ],
					"settings::BATshuffle::rangeHI" : [ 41255 ],
					"settings::BATshuffle::graintranspositionLO[1]" : [ 55 ],
					"settings::BATshuffle::graintranspositionHI[1]" : [ 55 ],
					"settings::BATshuffle::userfunctions::userfunction1" : [ 1, 0.0, 0.0, 128.0, 0.125, 256.0, 0.25, 384.0, 0.375, 512.0, 0.5, 512.0, 0.0, 650.595078299776333, 0.0, 768.0, 0.75, 896.0, 0.875, 1024.0, 0.9990234375, 1152.0, 0.8740234375, 1280.0, 0.7490234375, 1408.0, 0.6240234375, 1536.0, 0.4990234375, 1664.0, 0.3740234375, 1792.0, 0.2490234375, 1920.0, 0.1240234375, 2048.0, 0.0 ],
					"settings::BATshuffle::userfunctions::userfunction2" : [ 2, 0.0, -0.0, 128.0, 0.014665491878986, 256.0, 0.066582284867764, 384.0, 0.172355636954308, 512.0, 0.340383678674698, 640.0, 0.555216193199158, 768.0, 0.773960113525391, 896.0, 0.938764870166779, 1024.0, 0.999999403953552, 1024.0, 0.001400969749273, 1114.487695749440718, 0.0, 1251.937360178970948, 0.0, 1408.0, 0.553797960281372, 1536.0, 0.338848948478699, 1664.0, 0.170938283205032, 1792.0, 0.065498322248459, 1920.0, 0.014080081135035, 2048.0, -0.000001505977366 ],
					"settings::BATshuffle::userfunctions::userfunction3" : [ 3, 139.936688738042989, 0.0, 847.913694527168104, 0.86016112, 1020.591013012320559, 0.0 ],
					"settings::BATshuffle::userfunctions::userfunction4" : [ 4, 0.0, 0.0, 128.0, 0.038060232996941, 256.0, 0.146446615457535, 384.0, 0.308658272027969, 512.0, 0.5, 640.0, 0.691341698169708, 768.0, 0.853553414344788, 896.0, 0.961939752101898, 1034.459561627937546, 0.0, 1152.0, 0.961939752101898, 1280.0, 0.853553414344788, 1408.0, 0.691341698169708, 1536.0, 0.5, 1664.0, 0.308658272027969, 1792.0, 0.146446615457535, 1920.0, 0.038060232996941, 2048.0, 0.000002353095169 ],
					"settings::BATshuffle::userfunctions::userfunction5" : [ 5, 0.0, -0.0, 128.0, 0.014665491878986, 256.0, 0.066582284867764, 384.0, 0.172355636954308, 512.0, 0.340383678674698, 640.0, 0.555216193199158, 792.711315748724019, 0.0, 896.0, 0.938764870166779, 1024.0, 0.999999403953552, 1152.0, 0.938177227973938, 1280.0, 0.772874474525452, 1408.0, 0.553797960281372, 1536.0, 0.338848948478699, 1664.0, 0.170938283205032, 1792.0, 0.065498322248459, 1920.0, 0.014080081135035, 2048.0, -0.000001505977366 ],
					"settings::BATshuffle::userfunctions::userfunction6" : [ 6, 0.0, 0.0, 128.0, 0.125, 256.0, 0.25, 384.0, 0.375, 512.0, 0.5, 721.921219895650552, 0.0, 768.0, 0.75, 896.0, 0.875, 1024.0, 0.9990234375, 1152.0, 0.8740234375, 1280.0, 0.7490234375, 1408.0, 0.6240234375, 1536.0, 0.4990234375, 1664.0, 0.3740234375, 1792.0, 0.2490234375, 1920.0, 0.1240234375, 2048.0, 0.0 ],
					"settings::BATshuffle::userfunctions::userfunction7" : [ 0 ],
					"settings::BATshuffle::userfunctions::userfunction8" : [ 0 ],
					"settings::BATshuffle::userfunctions::userfunction9" : [ 0 ],
					"settings::BATshuffle::userfunctions::userfunction10" : [ 0 ],
					"settings::BATshuffle::userfunctions::userfunction11" : [ 0 ],
					"settings::BATshuffle::userfunctions::userfunction12" : [ 0 ],
					"settings::BATshuffle::userfunctions::userfunction13" : [ 0 ],
					"settings::BATshuffle::userfunctions::userfunction14" : [ 0 ],
					"settings::BATshuffle::userfunctions::userfunction15" : [ 0 ],
					"settings::BATshuffle::userfunctions::userfunction16" : [ 0 ],
					"settings::BATshuffle::BATbusmenu" : [ "BATwheel" ],
					"settings::BATshuffle::functionmenuselectionA" : [ 5 ],
					"settings::BATshuffle::functionmenuselectionB" : [ 6 ]
				}

			}

		}

	}

}
